"","Sex","Income","Quality","Confidence","buy"
"1",2,3,0.109332876852187,0.932904107055423,1
"2",2,1,1.52876099404418,-1.83048332999896,1
"3",2,2,-0.444874904688346,-0.44933716366011,0
"4",2,2.3758389261745,-0.477887020999728,1.62540635626624,1
"5",1,2,-0.460097370024484,-0.452971821464876,0
"6",1,1,-0.0254899479695992,-1.14446633250964,1
"7",2,3,0.848621165914794,-0.448572597288483,1
"8",2,2,0.326417262962458,0.935511801649011,1
"9",2,3,-0.740445239489755,-0.453093049063118,1
"10",1,1,1.18207022949645,0.248896033556032,1
"11",2,1,0.676409658728201,1.62866747236064,1
"12",1,2,0.213188895070913,0.936039706385826,1
"13",2,4,0.834668183307395,1.63076215985159,1
"14",1,2,-0.90062632527209,-0.454431561722392,1
"15",1,2,0.0366679354277958,0.238688562726342,1
"16",1,4,0.0396459876613076,-0.448699505713299,1
"17",2,2,1.30802022886762,1.63532000443472,0
"18",1,2,-1.34310291934639,-0.455745873241071,1
"19",2,2,1.25051743715182,0.248046101738625,1
"20",2,3,-1.89679176887396,0.926369180591573,1
"21",1,3,0.938396098831419,-0.446092715395597,1
"22",1,3,-0.70367682505508,-0.454452899478791,1
"23",1,3,0.211523273060805,-0.447414991263895,1
"24",1,2,-1.16830050688445,-1.14593390961603,0
"25",2,1,0.886898733016885,0.247075004150792,1
"26",1,3,0.40687960215582,0.936866043187552,1
"27",2,2,0.222416246528372,0.935707913745089,1
"28",1,2,-1.21364516966482,-0.455301926771879,0
"29",1,1,-0.372722598822398,0.242201812858289,1
"30",2,1,-0.233882511866055,0.933361708491383,1
"31",1,2,-0.911019393258814,-2.53459314689459,1
"32",2,2,0.808932154280566,-0.447481952472957,1
"33",2,3,0.693646718767661,-0.447606371271665,1
"34",2,1,0.106921120224296,-0.450251389681906,1
"35",2,4,1.46198340408854,0.248723586760776,1
"36",1,4,0.600879987837417,-1.14046478689624,1
"37",2,4,0.650994946212753,-0.449029696070606,1
"38",2,2,-0.291667504084114,0.934765391173382,1
"39",1,4,0.418276514123304,-0.446806069734237,1
"40",2,4,-0.33743156049928,-2.52831554861787,1
"41",2,3,1.54304923484026,-1.83168531913895,1
"42",2,3,0.455644945069328,1.62927394752247,1
"43",2,3,0.605306319158027,-1.8316973522446,1
"44",2,3,-0.0375072594841853,0.2405180727528,1
"45",2,2,-0.923369974342592,-0.454206722748372,1
"46",2,2,0.924794910228938,-0.446796011438561,1
"47",1,1,-0.557752759887,0.237245761015022,1
"48",2,1,0.2919439535777,0.935336070797061,1
"49",2,1,0.968117388812384,0.938134000608037,1
"50",1,1,-0.414176489973782,-0.451657998008677,1
"51",1,2,-0.133596334774097,-2.52970634326785,1
"52",2,4,0.111556961712058,0.242805063627138,1
"53",2,4,0.861542332139276,-1.14309967010959,1
"54",2,2,-1.74121979743305,0.236547168436771,1
"55",2,3,-0.0726187404609507,-0.451609344578822,1
"56",1,2,-0.0870016376884011,-0.450683444442602,1
"57",2,1,0.191611868140605,0.241545190896453,1
"58",2,1,-0.770658090091287,-0.451980421731567,0
"59",2,5,1.2544916322272,0.245752525761827,1
"60",2,4,0.644950980842319,-0.448245106475592,1
"61",1,4,1.08645320061682,-0.442611042592154,1
"62",2,2,-0.740814860026422,-0.452303473247541,1
"63",2,2,0.763605855413361,-1.13901278342941,1
"64",2,3,-0.424929749733809,0.239400458775034,1
"65",2,2,1.3333008606127,0.246170244763183,1
"66",2,3,1.11106621324026,-1.8333564155541,1
"67",2,3,0.108000342979713,-0.448746454163633,1
"68",2,3,-1.48210077223063,0.234466702487841,1
"69",2,4,-0.360987337761227,1.62684576958844,1
"70",2,2,0.504368897320937,0.244469677635918,1
"71",2,4,1.32770245339217,1.63545287924567,1
"72",2,2,1.27598526619544,-1.83089561294765,1
"73",2,1,-0.54928008861044,0.239573077769959,1
"74",2,4,1.52700920743139,0.942840344726185,1
"75",1,2,-0.0179282177510542,0.935966348977211,1
"76",2,2,1.31692013649673,-1.83211798352434,1
"77",1,1,0.477834731594551,-0.450396653121852,1
"78",2,4,-0.136362317220303,-0.450142499628157,0
"79",2,3,0.370353047799747,0.241614198515599,1
"80",2,1,0.309791017730458,1.63088154806825,1
"81",2,4,0.380481029063827,-0.449078958876719,0
"82",1,5,0.55202975618858,-1.14134033728249,1
"83",2,3,0.51234291235129,0.243950242777539,1
"84",2,1,1.17790047299097,0.246135317716409,1
"85",1,3,1.03655464422786,-0.445800392043072,1
"86",2,4,0.536171418560951,0.243445490621943,1
"87",2,4,1.33515005486185,-0.444885967168327,1
"88",1,4,0.352485295393661,0.935956744625521,1
"89",2,3,-0.369394046846844,-0.451961893557454,1
"90",2,4,1.56457646431313,0.251083725625218,1
"91",1,3,0.462167949010659,0.243839217716888,1
"92",2,2,-1.22447929108783,-0.45596576067584,0
"93",2,2,-0.580374288249584,-1.14553330155968,1
"94",2,2,-0.990491594509824,1.61981047323942,1
"95",2,2,1.34068668838472,-1.83262861585925,1
"96",2,1,0.731187217120346,0.936898013061344,1
"97",2,3,-0.362420200923162,-0.453073197527664,1
"98",2,2,1.38467081338055,0.247651425473188,1
"99",2,1,0.0726088123674468,-0.450278933113441,1
"100",1,2,0.824891305592681,-1.83447008948778,1
"101",2,4,0.415934333373744,-0.449086465718472,1
"102",2,5,-0.0425163457969203,1.62775141247015,1
"103",2,5,-0.866002558467572,0.238234688337198,0
"104",2,3,0.309945643765071,1.62853857890962,1
"105",1,3,-0.126512929794504,0.240577279704837,1
"106",2,2,0.390477240343559,-1.14311723524701,1
"107",1,1,0.636433928927254,-1.14239075151587,1
"108",2,2,-0.533154644239186,0.239840150753205,1
"109",2,2,-0.40912504157818,-0.451570146785368,1
"110",2,1,0.482366816287553,0.243500887935313,1
"111",2,1,-2.30351358954673,0.231177919303164,0
"112",2,2,0.360383557414128,0.937147479361337,1
"113",1,1,-0.66843795104223,-0.451453943052183,1
"114",2,1,-0.528027442833697,0.23821783238232,1
"115",2,2,-1.35308405755347,-0.456579189618096,1
"116",2,2.3758389261745,0.636109564703871,0.244042069847902,1
"117",2,3,0.791159602632397,1.63180341148528,1
"118",2,3,0.999355016990419,-1.1393171353347,1
"119",2,4,1.2786508766882,-0.448394912156977,1
"120",2,2,1.59367666509898,-1.13801664086448,1
"121",2,3,-2.38482509767919,-0.459078093787008,0
"122",1,1,-1.04584786238989,-1.146661527572,0
"123",2,3,1.22666780454274,1.63089831230344,1
"124",2,1,0.206640989621828,0.938152163419629,1
"125",1,2,-0.233737657447319,-0.450519855530072,1
"126",2,2,0.73114254274977,0.939345185080025,1
"127",1,1,-0.2878252227897,-0.451423156376367,1
"128",2,1,-0.18266372226547,-0.450628642887731,1
"129",1,1,1.13931995329066,-1.83222204141677,1
"130",2,3,0.0765385136962723,-0.448579471100676,0
"131",2,1,-1.42196596008202,-0.456022932194187,1
"132",2,3,-0.673481416633134,0.932419158240044,1
"133",2,3,-0.557961898652837,1.62735924686104,0
"134",2,1,-0.371305014793642,0.240634304165617,1
"135",2,1,-0.683681159196814,0.930272848192802,1
"136",2,3,1.27852330222055,0.93793970406248,1
"137",2,2,-3.45550732833902,-0.463917925392998,0
"138",2,3,1.60561492296482,-2.52391411253336,1
"139",2,3,0.518769601895846,-0.451619023698538,1
"140",2,3,-0.957719154389338,0.93062799238343,0
"141",2,2,1.14388438108186,1.63277416927888,1
"142",2,2,0.211991737846761,-0.449530384508031,1
"143",2,4,-0.109425854284057,-2.53060773844673,1
"144",2,2,0.590070750184435,-1.14133690898388,1
"145",2,1,-1.2263878921818,-1.14861135158075,1
"146",2,2,-0.411332386893669,-0.453954628093236,1
"147",2,4,1.24752013472448,1.63260963094742,1
"148",2,2,-0.963586694607914,0.239078947003794,1
"149",2,1,0.396395830426007,-0.45152420530701,1
"150",1,2,0.275940468493412,0.243750812228152,1
"151",2,2,-0.0847792484288692,1.6271150723718,1
"152",2,2,-0.154852676051934,-0.45181230612291,1
"153",2,2,-0.403085595373897,0.240088981633637,1
"154",2,2,0.333133629961768,-0.449663660941032,1
"155",2,2,0.399356590528771,1.63002318791823,1
"156",2,3,-0.432493969144629,-0.450980008419955,1
"157",1,2,-0.0387929511891454,0.240620274759566,1
"158",2,1,1.32770245339217,1.63545287924567,1
"159",2,2,-0.953174164420623,-0.45454599455123,1
"160",2,1,1.23164187568687,-1.83105604505633,1
"161",1,1,1.03564750808216,-0.445649378551096,1
"162",2,4,-0.574713195523377,0.932983159603849,1
"163",1,1,0.219070414601724,1.62741856796283,1
"164",1,1,0.161484392115996,0.241535466882132,1
"165",2,1,0.482963957000355,-0.448368888843206,1
"166",2,2,-0.942032400580884,0.235699103680571,1
"167",1,2,1.09554645287204,-1.13880217349231,1
"168",2,2,0.260418359704237,-0.447440746925444,1
"169",2,2.3758389261745,-0.414815383472279,-0.454654107833302,1
"170",2,3,1.23963131364703,1.63046084848905,1
"171",1,1,0.576043984002347,0.938831526068548,1
"172",2,1,0.779238096490591,-0.446171155444886,1
"173",1,3,-1.28077620166523,0.930567385316361,0
"174",1,4,-0.948430179283068,-0.452194562663368,0
"175",1,1,-0.283672746235315,-0.451115492734747,1
"176",2,4,1.27174846366414,-2.52599178363942,1
"177",1,3,-1.6156917490803,0.235291652893198,0
"178",1,2,-1.0386554098555,-0.45433114154708,0
"179",2,4,1.4396517161804,0.250119762601022,1
"180",2,1,0.405420035029955,0.937734653836784,1
"181",2,2,-1.08228810213078,-0.454769774941685,1
"182",2,2,-0.790603103503311,-0.452296887896648,1
"183",2,1,-0.235302444315767,-0.45081658403133,1
"184",2,4,0.373782253485404,1.62781461656276,1
"185",1,2,0.0738405110982611,-0.451786341042848,1
"186",2,2,1.11437365574658,0.937109918680155,1
"187",2,5,0.966731997869334,-1.83312179073794,1
"188",1,1,0.920438758593983,-2.52383811409269,1
"189",2,3,1.0956916003287,0.937568912981034,1
"190",2,3,-0.0470982157677099,-0.44926011317511,1
"191",2,2,1.37926175432531,0.249059457944657,1
"192",2,4,-1.17475067124938,-0.453762985946124,0
"193",2,4,-0.774587791420112,-0.453679883744332,1
"194",2,2,1.13648114174177,-0.442818388754552,1
"195",1,2,-0.700231981284246,-0.457316238852856,1
"196",2,3,0.544947435942247,-1.83202065447648,1
"197",2,3,-1.25876653827008,-0.456485443623573,0
"198",1,2,-0.689945564322699,1.62536437945993,1
"199",2,3,0.996264502443421,-0.447341333722108,1
"200",1,1,1.44993233258672,-1.82740015052695,1
"201",1,3,-0.123540361895894,0.935924836579545,1
"202",1,4,-3.11866793908415,-0.462152986755787,0
"203",2,1,1.40906776459724,-1.83118055983414,1
"204",2,5,-0.442701004057454,0.238800082565922,1
"205",2,4,1.40883005784154,-0.446496012445615,1
"206",2,3,-0.0712856446375988,0.242472376926739,1
"207",2,3,-0.646403742769523,-1.14565900932312,1
"208",2,4,0.260779454688393,-0.451390853609119,1
"209",1,4,1.08182151781836,1.63301622592033,1
"210",2,1,0.832530100821709,-0.445479431846606,1
"211",1,2,-0.252340839840473,-0.450693660793632,1
"212",1,1,0.0103773268269207,-2.5298063057515,1
"213",1,1,-0.159287533732593,0.93501174964268,1
"214",2,3,-0.0424234934599588,1.62694842910308,1
"215",2,2,0.440645272583082,-0.447988077211482,1
"216",2,1,-0.340633502404748,0.934024620656051,0
"217",1,5,0.167202919226527,-0.451717645538304,1
"218",2,1,0.101782453875473,-0.451321106237992,1
"219",1,2,0.46204985312097,-0.448540221695632,1
"220",2,1,-0.278183559494815,1.62729088538942,1
"221",2,2,-0.118794045267566,0.24173948744201,1
"222",2,3,1.52057269251338,-0.446407579277247,1
"223",2,2,-0.167649911300145,0.242648785755609,1
"224",2,4,0.142967921755645,0.244139961974694,1
"225",2,2,1.40582262401563,-1.13686178906291,1
"226",1,3,0.326223906156695,0.935653458453002,1
"227",2,3,-0.816641717514717,-0.453991972440312,1
"228",1,1,0.484356837883097,-0.448182243381317,1
"229",2,3,0.059539179615575,0.936241407077046,0
"230",2,4,1.09657170411048,0.24665783436218,0
"231",2,1,1.24367351411674,0.248568590704763,1
"232",1,1,0.0315810897291905,-0.448253579169682,1
"233",2,4,0.478742067567326,0.244229781290998,1
"234",2,4,0.752628868209871,0.936560036940194,1
"235",2,2,-0.0693543312899833,-0.451119972899939,1
"236",1,3,0.500693230481001,0.243661285647377,1
"237",1,3,-2.42045139193688,0.925435196013984,1
"238",1,2,-0.313981749812668,-0.451823118036758,0
"239",2,1,0.136945917730949,-1.8355038514947,1
"240",2,1,0.502017962172795,0.242896760321777,1
"241",2,2,0.76830984609207,-0.445005159332878,1
"242",1,3,-0.319039213918872,0.238988585124157,1
"243",2,3,1.42315318921267,0.939704745395781,1
"244",1,2,-0.478270403439145,-2.53260527361562,1
"245",2,1,-1.14035513262261,-0.455126244129984,1
"246",2,2,0.894873881696699,-1.83377315123678,1
"247",1,2,0.720376210735007,0.24624181100028,1
"248",2,2,-0.0483840666395148,0.934656501119632,1
"249",2,3,0.326223906156695,0.935653458453002,1
"250",1,1,-0.615613343693991,-0.451326102671849,1
"251",2,1,0.537772737828433,0.241148506876959,1
"252",2,4,0.881591642752773,-0.44868771475847,1
"253",1,1,-0.403433944249184,-0.451218027386538,1
"254",2,2,-2.53999976696508,-0.459143597842654,1
"255",1,4,0.717769271662779,0.244654315343749,1
"256",2,4,-0.487762363977972,-0.451877782747356,1
"257",1,1,0.325024382079716,0.935325156187122,1
"258",1,1,-0.254509859943786,1.62758323642157,1
"259",2,3,0.863443478655609,1.63191005907683,1
"260",2,1,0.440760858630861,-0.449668723051283,1
"261",2,2,-0.524784812901535,-0.451409002355907,0
"262",2,4,0.429528410251098,0.245089097328493,1
"263",1,4,-1.04485368979075,0.238061477858004,0
"264",2,2,-0.743032929175692,-0.45310398420348,0
"265",2,4,1.24354593964909,1.63490320692422,1
"266",2,3,1.10529187296168,0.939070780525355,1
"267",2,3,1.14918330784904,1.62971606797648,1
"268",2,1,1.13401138652457,0.94123583148067,1
"269",2,3,1.39408718233044,-2.52305161176395,1
"270",2,1,1.59096542801774,-1.13494760442172,1
"271",2,4,-1.49342296760859,-0.459049009651426,0
"272",2,3,-0.889583225057621,0.238685219908849,1
"273",2,2,-0.529931280623498,-2.53364582674197,1
"274",1,2,-0.805088169417183,0.237708313990233,1
"275",2,3,0.559383210250877,-0.448861763837157,1
"276",2,1,-0.686288281147169,0.235010790240479,0
"277",1,4,0.240529507063297,0.937847928076619,1
"278",2,1,0.964994188314673,0.247903003859659,1
"279",2,2.3758389261745,-0.682827816198185,1.62349407668301,1
"280",2,4,1.31716416893114,1.63483314743849,1
"281",2,3,1.42867038966359,-0.44453700482178,1
"282",2,4,0.109075230254645,0.240124740379127,1
"283",1,4,0.226382639423075,-0.449000748776364,0
"284",1,4,-0.89843331679742,-0.453138911250254,0
"285",1,1,1.2497282162718,0.93903068867224,1
"286",2,1,0.0251685609284267,-0.450060651810681,1
"287",2,3,-0.978582208404851,0.930500644091372,1
"288",1,3,0.589943175716792,0.244997707235575,1
"289",2,1,0.244834261231339,-0.44993317865578,1
"290",1,1,-0.416422517747521,-0.45211814135935,1
"291",2,3,-0.764592676154906,-1.14514544749485,1
"292",2,3,0.46204985312097,-0.448540221695632,0
"293",2,2,0.551919623900525,-1.14299040611342,1
"294",1,1,0.346696628199812,0.243774899681445,1
"295",2,2,-0.395954916537159,0.933959353450116,1
"296",2,2,1.24367351411674,0.248568590704763,1
"297",2,2,-0.0863632869377178,0.933113087029462,1
"298",2,3,0.448931861778694,0.934790063872365,1
"299",2,1,-0.340444154239454,-0.453849981354967,1
"300",2,2,-0.0806990797547393,-1.1422121565956,1
"301",2,3,-0.860709085460118,0.238507301705531,1
"302",1,2,0.149663905719203,0.937716659397675,1
"303",2,4,0.39443309558657,1.63022301337269,1
"304",2,1,0.962180621126057,1.63173705801614,1
"305",2,1,1.40741012539183,-1.83067430496833,1
"306",2,2,-0.17796191700803,0.931414614522335,1
"307",1,3,-0.0208541064818376,-0.451409879200594,1
"308",2,2,0.114757939219969,0.934975973430852,1
"309",2,1,-0.515571440756311,-0.451570611194011,1
"310",1,1,0.593045318900959,-2.52502277571995,1
"311",2,3,-0.679775406350301,-2.53322454906628,0
"312",1,2,0.365357940799247,1.62867735443032,1
"313",2,1,-0.0724642766548301,0.936485423510933,1
"314",2,1,-0.122882580327362,1.62409177325333,1
"315",2,2,0.936651220215616,-1.83192860412141,1
"316",2,2,0.291119717529075,-0.448400359911738,1
"317",2,2,0.089115141515861,0.242551170636455,1
"318",2,1,-0.400718332492563,1.62723751636053,1
"319",2,4,0.420925977506893,-0.448335120385435,1
"320",1,1,-0.0811879075658437,0.933134957310186,1
"321",2,3,0.181236048722257,0.241993589851204,1
"322",2,2,-0.136600204600019,0.93299618178949,1
"323",2,3,0.0935790770179154,0.93549754090613,1
"324",2,2,-1.98991450081133,-0.459260553983334,0
"325",1,2,1.35432509678014,0.247991646446539,1
"326",2,2,0.411426066353625,-2.52847753524697,1
"327",2,2,1.42447792090446,0.938940220070182,1
"328",2,1,-0.191275070829213,-0.451659665968502,1
"329",2,3,0.765460482736252,0.245459183486799,1
"330",2,3,-1.47426302022012,-0.456660081548096,1
"331",1,3,0.0426577984354829,0.934139850786989,1
"332",2,2,0.928675910114849,0.940605267229221,1
"333",2,2.3758389261745,0.0378260840478314,-0.453235954989911,1
"334",2,2,-2.82327603500305,-2.54070113887102,1
"335",1,4,0.0781283634934296,0.243353814209294,1
"336",2,3,0.409055688207981,0.936967656100051,1
"337",1,3,-1.75935671421991,0.928214966613514,1
"338",1,3,1.61504874031017,-2.51922971773872,1
"339",1,2,0.251928408476582,-0.452221115878383,1
"340",2,1,-0.164934808567519,-0.451989179360423,1
"341",2,4,1.03566495026175,-1.83363406360148,1
"342",1,2,-1.14502569624105,0.237348935413356,1
"343",1,4,-1.53468951222013,0.237002022366693,0
"344",2,3,0.0783760224890229,0.241753727654469,1
"345",2,2,-0.913195150910999,0.236852883085132,1
"346",2,3,0.43272938775901,0.937260007132207,1
"347",1,4,0.279021361473372,-0.448812807632766,1
"348",2,3,-1.21889709284353,0.237823221793277,0
"349",2,3,-0.747129244958994,0.932193493322045,1
"350",2,4,0.649652772341372,0.93971951430538,1
"351",1,2,-0.0590497265123055,-0.449070338340569,1
"352",2,1,-0.327556217521036,-0.451031409604281,1
"353",2,2,1.29314591404503,0.937915928723788,1
"354",2,2,-0.461081230601029,0.238780344902099,1
"355",2,2,1.31470405371284,0.248487596078673,1
"356",2,1,-0.199074850655967,0.241484071210685,1
"357",1,3,-0.225510494299597,-1.14467509921659,1
"358",2,3,-2.38093228547044,-1.15479895545169,1
"359",2,3,1.02865873062834,0.938754674436497,1
"360",2,4,-1.26032494964523,-0.454291015545782,1
"361",1,2,0.594733643239167,0.935711191385985,1
"362",2,1,0.746022651930486,-0.447602021482195,1
"363",2,2,0.463264452524709,-0.450954815852161,1
"364",2,1,0.233131560061981,-0.449389628664477,1
"365",1,1,0.5842764386813,1.63178330495969,1
"366",2,1,-0.441542727653291,0.241218084490637,1
"367",2,4,-0.93382249898873,0.931074411015323,1
"368",2,3,-0.310118029877852,0.933125108433022,1
"369",2,1,0.829933656737189,-0.444782888316873,1
"370",1,2,0.257900629477599,0.936437409327824,1
"371",2,2,-1.61213513034796,0.926843170683968,1
"372",2,3,-1.21794214310935,0.929533988246318,1
"373",2,2,0.883531301028881,-1.14066539968793,1
"374",2,4,-0.793208073140342,-0.454760875235013,1
"375",2,2,0.0964124348070748,-0.450575397085356,1
"376",1,4,-0.282912632305298,-0.451584877449772,1
"377",2,3,-0.137151718724342,0.239296221334577,1
"378",2,3,0.843722373311068,0.248625095296732,1
"379",1,3,0.47715454698806,0.244810715262469,1
"380",2,1,0.91210798870034,-0.447891006043557,1
"381",1,3,-0.554463429329838,0.240950533232555,0
"382",2,2,0.557669211218495,0.935481073733994,1
"383",2,2,0.410803107150025,1.62791919361366,1
"384",2,2,1.08920097009709,-0.448273791281156,1
"385",2,1,0.831204416912012,0.938407658693743,1
"386",2,2,0.680662646003605,1.63003738658487,1
"387",2,4,-1.11810136552129,-1.83901218562054,0
"388",2,2,1.18675056473077,0.937959448875513,1
"389",2,1,0.928751663124735,0.938895097635027,1
"390",2,2,-0.695685530073633,-0.452519282139167,1
"391",1,2,-0.791221695036169,0.23982462872523,1
"392",2,1,-0.133381934961361,-1.14376837007168,1
"393",2,2,0.988741490816373,0.245815811008574,1
"394",2,4,1.07497087168695,-1.83373166651875,1
"395",2,1,0.380481029063827,-0.449078958876719,0
"396",2,1,-0.62652453012749,0.23945208726986,1
"397",2,2,-1.16024398526355,0.930162430872079,1
"398",2,2,-0.293033122858491,0.932258305835765,1
"399",2,4,-0.222127989238941,-0.451806288125183,1
"400",2,1,-1.18134381527403,-0.453763213505057,1
"401",2,3,0.435604569478433,0.935700379472136,1
"402",1,2,0.272397648449283,-0.449516755336133,1
"403",2,1,-0.0592009564243371,0.932320069101836,1
"404",2,2,0.533016452030026,-2.53003318705999,0
"405",2,2,-2.47199325069043,0.923843932264611,0
"406",2,3,0.724945198102236,-1.83366734297042,1
"407",1,1,-0.666258034700736,-0.454216251210375,0
"408",2,2,1.04091171271866,0.936824152998891,1
"409",2,2,1.03062910541997,1.62986027954984,1
"410",2,2,0.719143625632674,-0.446777659922674,1
"411",2,4,-2.01390382792488,-0.457358123277273,1
"412",1,1,-0.139970739672682,1.62646099016179,1
"413",2,3,1.52965867081498,0.941311294074986,1
"414",2,2,-1.08142403304427,0.928996179521507,1
"415",2,3,-0.564037895651679,-0.453689772530991,1
"416",1,3,-1.56923440599992,-0.456297027257337,0
"417",2,3,-0.0486802825872526,-0.45200989387437,1
"418",2,3,0.880396454963818,-1.83513429733416,1
"419",2,4,-1.21640476533646,-0.45542294495161,0
"420",2,4,0.796112366753095,-0.449349353436154,0
"421",2,2,0.582250066118281,1.62885399320812,1
"422",2,3,-1.86997049009984,0.23304265565169,1
"423",2,3,0.267007296032528,0.934268259298943,1
"424",2,3,0.770781027996656,-0.449135449602495,1
"425",1,2,-0.289908096722206,0.241062958307335,1
"426",2,4,0.506914244127072,-0.449608996230435,1
"427",2,2,-0.34780322122832,0.240816572158405,1
"428",2,2,0.375114096902325,0.933577824233163,1
"429",2,2,-0.650649233081824,-0.453477973634601,1
"430",1,3,-0.712806032644346,0.932182932372532,1
"431",2,2,1.06050108490625,0.937760011176916,1
"432",1,1,-0.550655689542087,0.241839484506071,1
"433",2,3,0.230230212248719,-0.448082273748455,1
"434",2,2,0.86558046790171,0.936018724651883,1
"435",2,1,0.0449005707307671,0.933186207588366,1
"436",2,2,0.821373405451833,0.247568218938976,1
"437",1,2,-0.79294528425287,-0.454577283880883,1
"438",2,3,0.91743363636163,-0.449454102870513,1
"439",1,4,-0.977217484508319,-0.45404876976781,1
"440",2,2.3758389261745,1.09818811407495,-2.52274631068816,1
"441",2,4,-1.89776320776227,-0.459231487311157,1
"442",2,1,-0.844312888599759,0.929687336624497,1
"443",2,2,0.177537876210036,0.936946872082525,1
"444",2,1,1.31705732035176,-0.446476267632583,1
"445",2,2,0.752812603448597,0.935830561887882,1
"446",2,2,1.05577436051673,0.244630049553111,1
"447",1,1,0.633598580245723,-1.1408016001014,1
"448",2,2,-1.11409374338564,-0.454822957957465,1
"449",2,2,0.576508099549432,1.6300037552198,1
"450",2,3,0.135120528975031,0.241447345828365,1
"451",1,1,0.837479402075055,-1.13881769552028,1
"452",2,3,0.791336962377828,1.62858277985392,1
"453",2,4,-0.747908987261061,-0.455535975376318,1
"454",2,1,0.715850832208159,0.937332069107546,1
"455",2,1,0.20383779866395,-1.14437697760198,0
"456",2,1,-0.883752574766664,0.931565962896365,0
"457",2,3,-1.88134358520198,0.929973261387466,0
"458",1,2,0.444064310042771,0.242287021633679,1
"459",2,3,-0.235455825094554,1.62865647040735,1
"460",2,2,1.0746941226903,-1.1405134921363,1
"461",1,2,1.26152382434323,0.942210729645228,1
"462",2,2,-0.159706181858044,0.242084195545968,1
"463",2,3,-1.25638875813633,1.61955538726311,1
"464",2,3,-0.293930650387992,0.240166479661643,1
"465",2,1,-1.92157323617953,0.927518256546238,1
"466",2,2,0.668317547808159,0.936807467806498,1
"467",2,3,0.0317130035101601,0.935641392403269,1
"468",1,1,0.142440374545505,0.24464927094827,1
"469",2,4,-0.651904570326845,1.62536780775854,1
"470",2,3,0.7826707650436,-0.447785238645475,1
"471",2,1,0.276058383759082,0.934584385669791,1
"472",2,5,0.498427573527673,-0.446245689831358,1
"473",2,4,-0.142310770363026,1.62484996846661,1
"474",2,4,1.20532230642904,1.63305654105815,1
"475",2,2,0.170438276012608,0.243813502690534,1
"476",2,3,-0.138893865338221,0.242220124464681,1
"477",2,4,-0.390480056711936,-0.452243309449249,1
"478",1,3,-0.262888565244528,-0.450355344878249,1
"479",2,2,-0.973243289432936,-0.456342345744608,1
"480",1,3,0.0436839804346574,-0.448882984832127,1
"481",2,2,0.00412688258139937,0.93610263155635,1
"482",2,2,0.118896597883074,0.243768104912041,1
"483",2,4,0.802386416628418,0.93883043980535,1
"484",2,1,-0.966174384293851,0.239068011863432,1
"485",2,4,1.04518430916305,1.63316133870256,1
"486",1,2,-0.558249228457831,0.238492072413085,1
"487",2,1,0.495878945285744,0.938441329968303,1
"488",2,1,1.22558077960665,0.246978290240507,1
"489",2,1,0.588017294671727,-0.450100935867333,1
"490",2,1,1.06560632419481,-0.447653075906871,1
"491",2,3,0.150242322169197,0.935705469013587,1
"492",2,1,0.0407544696696768,0.935369700525796,1
"493",2,3,-1.11894804224281,0.238381696638187,1
"494",2,2,0.125021115700813,0.937569441678174,1
"495",1,1,1.01646479560016,1.63099628774725,1
"496",2,2,0.7038615366581,-0.448202957646832,1
"497",1,2,1.58002081452397,-1.83065221811988,1
"498",2,2,-0.465447956020925,-0.455727010785605,1
"499",2,3,-0.162426737542853,0.241300854047405,1
"500",2,1,-0.441977583947424,0.932610126060203,1
"501",1,2,-2.56335765832957,-0.460084864642147,1
"502",1,1,0.491070838029581,-0.448115917343383,1
"503",1,2,0.0239594152844111,-0.450976772324883,1
"504",1,4,1.24944785439531,-2.52385860537469,1
"505",2,2,0.292166890224214,0.242258556462852,1
"506",2,5,-0.0144372199358765,-0.450360808610549,1
"507",1,1,-1.11284356686242,0.929914625814927,1
"508",2,3,-1.32020776425612,-0.459391051403479,0
"509",2,4,-3.31682824291058,0.22709378281968,0
"510",1,4,0.289711905116196,0.934705743643755,1
"511",1,3,0.667385329530694,-0.447909657444183,1
"512",1,1,-0.676682394141046,0.24024824843633,1
"513",2,3,0.116649260362847,1.62516851213776,1
"514",1,2,-1.34716019514286,0.928889280965622,1
"515",2,2,-1.07141690790202,0.238236923650188,1
"516",2,3,0.748576914556157,-1.83407388998171,1
"517",1,2,0.110122097732208,0.241919520121808,1
"518",2,3,0.660887388518072,1.62916162917011,1
"519",2,3,-0.778500212797844,-0.452926293559094,1
"520",2,2,-0.357279543681969,0.932480305605444,1
"521",2,4,0.01226119339216,0.242750371236908,0
"522",2,2,-0.0290347496285784,0.9345311054708,1
"523",2,4,-0.298000046221294,-1.14248276220987,1
"524",2,1,0.651039277730818,0.93741500318822,1
"525",2,2.3758389261745,1.01547098278372,0.939663993280519,1
"526",2,1,-0.177745861707011,-0.449043619642335,1
"527",2,5,-3.25607299983215,-2.54286507613194,0
"528",1,1,0.793046584461948,-0.448233637600226,1
"529",2,3,-1.06716793551931,-1.14852703135214,1
"530",2,2,-0.950956095271353,-0.453745483595291,0
"531",2,2,0.51099327995928,-1.83735952595396,1
"532",2,1,0.633598580245723,-1.1408016001014,1
"533",1,1,0.94946989410423,0.244747078019596,1
"534",2,3,-0.373722787132134,-0.451621638187488,1
"535",1,1,0.960535706572342,-0.448374081080747,1
"536",2,3,0.504560395545447,-1.14273555008605,1
"537",2,1,-2.18734608081684,-0.460485232198816,1
"538",2,4,0.23449203110175,-0.453439713309545,1
"539",2,4,0.887867662063293,0.9386155868012,1
"540",1,2,0.265682564340734,0.935032784624542,1
"541",1,2,-2.01620095072289,-0.459071700639653,0
"542",2,2,-1.20000643761995,-0.456805117677541,1
"543",2,3,1.20916533336,-0.445778305194628,1
"544",2,4,0.745103508161867,0.243971380455492,1
"545",2,3,0.359775882518721,-1.14215762226072,1
"546",2,2,-1.33686991728046,-2.53367012549854,1
"547",2,1,-1.0769535414249,1.62597957234111,1
"548",2,3,-0.609745803475415,0.240222942707787,1
"549",2,4,-0.0687628227068141,-0.449076204653697,1
"550",2,2,-0.847001590331923,-0.45319771633181,1
"551",1,4,1.21539833542593,-2.52370255745209,1
"552",1,2,0.179529360470891,-1.83657756345413,1
"553",1,2,0.131701094097713,0.935537543929347,1
"554",2,3,1.04229479060281,1.6336291355269,1
"555",2,3,0.112084670343151,-0.449389961309501,1
"556",1,4,1.16714594877205,-1.83316789271387,1
"557",2,2,0.97033199590184,1.6279969915264,1
"558",2,1,0.778397089514867,0.940732870511412,1
"559",2,3,-0.332074484322757,-0.453413418501015,1
"560",1,2,-0.520878712451981,-0.45012717478883,0
"561",1,2,-0.39645245914451,-1.14369567934101,1
"562",1,1,-0.755319716540838,0.239940612474342,1
"563",2,2,-2.21520894848814,0.925322877661625,1
"564",2,5,-0.803961474442882,-0.452123574721364,1
"565",1,2,-0.529242222861454,0.239086560567967,1
"566",2,2,-0.0483246413628195,-0.452629285887314,1
"567",2,2,1.29573360373097,0.93792686386415,1
"568",1,1,-0.430225390538201,-1.1450720898378,0
"569",1,2,-0.480025103485413,-0.450835235431956,1
"570",1,2,0.440267474712819,0.241359965979115,1
"571",2,2,-1.68456835927008,0.92420291160944,1
"572",2,3,-0.841237806908107,0.239192416795947,1
"573",2,3,0.513777956955159,0.246381652253751,1
"574",2,2,-0.878816893042859,0.931788593988595,1
"575",2,2.3758389261745,0.845974050952161,0.938702254578101,1
"576",2,1,-0.802112138651221,-0.454758630382812,1
"577",2,3,-2.77978489650764,-1.15375770545433,0
"578",2,3,-0.0421950838506568,1.62377178203208,1
"579",1,3,0.884122828815115,-0.445390049507746,1
"580",2,4,-0.494167274283722,0.933807690145832,1
"581",2,2,-1.55961235187402,0.927449743029005,1
"582",2,4,1.09095494290234,-0.445413927542528,1
"583",2,5,0.398685141117798,1.63129149569852,1
"584",2,2,-2.32224977948127,-0.45818944858866,1
"585",2,2,1.42447792090446,0.938940220070182,1
"586",2,1,1.15279190946009,0.244957423178923,1
"587",1,3,0.384996570037566,-0.453597893600607,1
"588",2,1,-0.863547554156489,0.23901908309024,1
"589",2,2,0.902845915112201,0.937972419449564,1
"590",2,1,1.51486743671348,-1.13843435986584,1
"591",2,4,-0.785947471415006,0.238520681577394,0
"592",1,4,-1.32972616618899,-0.455637922818603,0
"593",2,3,-0.955108571825739,-0.454053147236911,1
"594",1,2,-1.17069355687387,-1.14671242418975,1
"595",1,2,0.351916339089751,1.63024146922099,1
"596",2,3,-0.523364880451823,0.932769290166806,0
"597",1,4,0.701898964047157,0.243106523784478,1
"598",2,3,0.482441520697427,0.937701576737146,1
"599",1,4,0.404249929372774,0.93615621000375,1
"600",2,3,-1.95595489106864,-0.457252397176583,1
"601",2,1,-0.755891756689997,-0.454309061847845,1
"602",1,4,-2.8385210848087,-0.463755336303235,1
"603",2,1,-0.616125979252433,-0.45400267048253,1
"604",1,3,-1.03842718167775,0.23969836669637,1
"605",1,1,-1.31623588146844,0.928083735579064,1
"606",2,4,-0.151222635800476,0.934565823099063,1
"607",2,1,0.275251589890044,-1.83713673008939,1
"608",2,2,0.460004049740102,0.244160061351071,1
"609",2,3,-0.355078754483793,0.930827764363381,0
"610",2,1,-0.544460511883952,0.93190005602669,1
"611",2,1,0.611249612386489,-1.14185847645916,1
"612",1,2,-0.137602560706693,-1.14502720450079,1
"613",2,2,-1.52903259580757,1.61907033026674,1
"614",1,1,1.20047221607577,0.245800395703021,1
"615",2,2,-0.107082589699625,0.240488458780612,1
"616",1,1,-0.34923808520817,0.239931028653075,1
"617",2,4,-0.849538410778007,-0.454710532882685,1
"618",2,2,-0.211694726158747,0.932724531457842,1
"619",2,1,-0.808992951613923,-0.452904443808793,0
"620",2,3,-0.850691236484094,-0.453835924517717,1
"621",2,3,-0.533149009855444,0.238055302053355,1
"622",2,2,0.313095764212783,-0.449177143739041,1
"623",2,3,-0.760500546610787,0.236626131903935,1
"624",2,2,-1.13483594127932,-0.454884207770523,1
"625",2,2,-0.420197410163606,0.237513989765044,1
"626",2,2,1.41785426244549,0.942762846698179,1
"627",2,4,-0.81080339666005,-2.530634509366,1
"628",2,1,1.31964501003769,-0.446465332492221,1
"629",1,4,0.863988648669355,0.244961931023747,1
"630",2,2,-0.165000447916556,0.24111973510441,1
"631",2,3,-0.346909883770844,0.242381608439943,1
"632",2,2,0.952349609665878,0.940897618261378,1
"633",2,2,-0.219873207066619,-0.452053623444606,1
"634",2,3,0.286737879147484,0.937591188732385,1
"635",1,2,-0.700245618551508,-1.1472859050424,1
"636",1,3,-0.110895783247099,0.242930222177826,1
"637",2,4,1.15484643675521,0.940494097926655,0
"638",2,4,0.536144186369962,-1.14209202240976,1
"639",1,2,0.910328057280998,-1.83069190450237,1
"640",1,4,0.0544913747113433,-0.450115079423135,1
"641",1,1,1.00587802093175,-2.52475186514028,1
"642",2,1,-0.314125652013501,-0.451064119230053,1
"643",1,3,1.07668846439611,0.244801382405538,1
"644",2,4,0.530377156872404,-1.83257881720679,1
"645",2,1,0.50840140322662,1.62845061711531,1
"646",2,2,0.205682965840758,-0.452178544897151,1
"647",2,2,-0.206784107363651,0.241310605741359,1
"648",1,3,-0.308750050502865,-0.450010518876865,0
"649",2,1,-0.0826616523656831,-0.450902675164287,1
"650",2,2,0.780580270361972,-1.83492036582087,1
"651",1,1,0.375872239143036,0.24185623487506,1
"652",2,4,-0.0770915917825416,-0.452162520215339,1
"653",1,3,-0.501374063658931,0.240385473285184,0
"654",2,1,1.48117588818642,-0.446383484674745,1
"655",1,2,-0.931234809302793,0.931085346155685,1
"656",1,4,0.618927629033909,-0.450736297451258,1
"657",2,2,0.991790907739394,0.936880485669312,1
"658",2,2,-0.119345559391889,-0.451960473012902,1
"659",2,1,-1.19152192014142,-0.454214473405251,0
"660",2,4,-1.26430352932154,0.929995190428989,1
"661",2,1,0.585527761033635,-1.83519634566,1
"662",1,1,-1.2074194783799,0.929687811847135,1
"663",2,3,-0.955546890987223,1.62515339558041,1
"664",1,1,-0.21607653315762,0.240559148173022,1
"665",1,4,1.14448005827988,0.939984449158846,1
"666",2,3,1.09186771343177,-0.447349789734353,1
"667",2,2,0.193981281081154,1.62936309991239,1
"668",2,4,-0.690287375476199,-0.453889210229588,1
"669",2,2,-1.37611446242563,-1.15074721142669,1
"670",2,1,-0.401091762692085,-1.14768965268763,1
"671",2,1,0.234178571336166,0.932955003673177,1
"672",2,1,-2.27413807863128,-0.4596760376717,0
"673",2,2,1.12016232294043,1.62929176362423,1
"674",2,3,-1.23990655890178,-0.455605212944398,0
"675",2,2,-0.256324332062252,0.9331078155007,1
"676",2,3,0.659887021049661,0.243493333131938,1
"677",2,3,-1.02631883721256,0.235738246363193,1
"678",2,3,-0.247907982977728,0.241515707051556,1
"679",2,2,0.983553775421594,-1.83433131371866,1
"680",2,1,-0.792343984850759,1.62223666116212,1
"681",2,2,-1.37097761627071,0.930901794711051,1
"682",2,4,-0.640457148902202,-0.45319689753704,1
"683",2,4,0.467049299434798,0.934626210182059,1
"684",2,1,0.765040719393211,-1.13812723992408,1
"685",2,1,1.25322867423306,0.244977065295866,1
"686",2,3,0.233259283770924,0.24397855301589,1
"687",2,3,-1.12015483946587,1.62321137733937,1
"688",2,3,0.141282098141342,0.242231269023554,1
"689",2,4,1.32034899932988,0.942974305800335,1
"690",2,3,-2.27413807863128,-0.4596760376717,1
"691",1,3,-0.481026405434006,0.930149594700081,1
"692",2,3,0.682983226691808,-0.447133275487362,1
"693",2,2,-0.107694805739188,0.93510113198154,1
"694",1,2,1.27827546406629,0.247694945624913,1
"695",2,2,-0.893539977953418,-1.14700588916474,1
"696",2,2,-1.25226989007377,0.930586402579304,1
"697",2,2,-0.285237533103763,-0.451412221236005,1
"698",2,1,0.544643928416558,0.937458523339944,1
"699",2,3,0.402609354132386,1.62627465869927,1
"700",1,4,-1.50957314650857,1.62059500344883,1
"701",2,1,-0.71168998657889,-0.454213557427271,1
"702",2,2,-0.0649832481248905,0.24262938073681,1
"703",1,3,1.05507474589992,0.936714991450382,1
"704",2,2,-0.977217484508319,-0.45404876976781,0
"705",2,2,-0.721946919310599,-0.452822568311685,1
"706",2,1,-0.153733620258624,-0.450277846850243,1
"707",1,2,-1.64732548434945,0.235348552916786,1
"708",2,1,0.408452352625901,1.6278921422704,1
"709",2,4,-0.479211933315541,1.62462501562095,0
"710",2,3,-2.70821994211428,-0.461045925852625,1
"711",1,1,-0.047566337701155,-1.83603659120848,1
"712",2,3,0.252502474880165,0.937807337418245,1
"713",2,3,0.344878512589976,0.935568114037443,1
"714",2,2,-0.66848336652236,-0.4532827763124,1
"715",2,2,0.716302787829367,0.246847213765101,1
"716",2,3,0.335297886760911,-0.448722489936853,1
"717",1,2,0.603294846742427,-1.13976248108461,1
"718",2,2,-0.180166915481298,-0.45069121606213,1
"719",2,3,-1.03097195945896,0.238980762141472,1
"720",1,2,0.871436068707471,-1.13817076007581,1
"721",1,2,-1.39821139661389,0.928120405850553,1
"722",2,1,-0.787953640119722,-0.453825938547847,1
"723",2,4,-0.710579275714073,-0.45429376305182,0
"724",1,2,-1.57678775062974,-0.456523183654168,1
"725",2,4,-1.28357924338181,0.927741042194579,1
"726",2,2,-0.177559794977512,-1.14630987572004,1
"727",2,2,-0.0527820521302779,0.936618298321885,1
"728",2,3,-1.66165043591447,0.929727084657047,1
"729",2,3,0.291119717529075,-0.448400359911738,1
"730",2,2,0.00398969872637286,-0.449539084335403,1
"731",1,2,-0.337839365226442,-0.452931859987484,1
"732",2,1,0.336709857863098,0.93685512832918,1
"733",1,2,-0.766259955359223,1.62576057896601,1
"734",2,3,0.848909741910344,-1.83475902608752,1
"735",2,2,-0.246345544530236,-1.14393336566257,1
"736",1,2,-0.45476501619704,0.930452880872599,1
"737",2,2,1.01203556302572,-1.14071329730876,1
"738",2,5,0.92742693143294,0.939659622960626,1
"739",2,3,-0.36147305111556,-0.451648821294366,1
"740",2,2,-0.107598309910855,-0.451970486662405,1
"741",2,3,1.58383072210866,-0.445563331601864,1
"742",2,2,0.306889520675896,-0.447513894915549,1
"743",2,3,-0.0846940168410296,-0.453309152854372,0
"744",1,3,0.83143809659537,0.936977755941551,1
"745",2,2,-1.00361406670794,-0.455509985255058,1
"746",2,2,-0.977217484508319,-0.45404876976781,1
"747",2,2,1.18978258928879,-1.83213571318567,1
"748",2,1,-0.573913238629923,-2.53097391154458,1
"749",1,1,-3.40936111353345,-0.465648669586207,1
"750",2,2,0.255973695853187,-0.45220229970542,1
"751",2,2,1.65750531121768,-1.82946997379293,1
"752",1,3,0.0145003727818561,0.243140013320158,1
"753",2,3,-1.02704771108232,-0.454741082460357,1
